"(PDH-TSV 4.0) (GTB Standard Time)(-120)"	"\\DESKTOP-AS6O85B\Processor(0)\% Processor Time"	"\\DESKTOP-AS6O85B\Processor(1)\% Processor Time"	"\\DESKTOP-AS6O85B\Processor(2)\% Processor Time"	"\\DESKTOP-AS6O85B\Processor(3)\% Processor Time"
"02/16/2016 16:27:36.360"	" "	" "	" "	" "
"02/16/2016 16:27:37.363"	"18.952262733123217"	"12.71782140490193"	"18.952262733123217"	"14.276431736957251"
"02/16/2016 16:27:38.349"	"22.375944466141164"	"8.118464878289533"	"19.207615668840795"	"12.870958074240079"
"02/16/2016 16:27:39.352"	"22.072040844724118"	"3.3693306474579021"	"8.0450081967744609"	"12.720685746091009"
"02/16/2016 16:27:40.353"	"28.202605803387115"	"11.033663712892739"	"15.716102464845749"	"14.155289547528071"
"02/16/2016 16:27:41.354"	"15.748134102009914"	"7.9470354077515681"	"6.3868156688999029"	"12.627694624306574"
"02/16/2016 16:27:42.355"	"23.520358044095026"	"7.9122678490123777"	"20.398740005078498"	"7.9122678490123777"
"02/16/2016 16:27:43.357"	"26.657405317519135"	"15.73404015204326"	"20.415482365818626"	"14.173559414118131"
"02/16/2016 16:27:44.361"	"30.023492202191182"	"8.2530231095395479"	"17.583224149247389"	"8.2530231095395479"
"02/16/2016 16:27:45.363"	"37.613356531182838"	"34.494024357741978"	"36.053690444462418"	"34.494024357741978"
"02/16/2016 16:27:46.365"	"9.5340301284372213"	"4.854755824735701"	"11.093788229671064"	"3.2949977235018579"
"02/16/2016 16:27:47.350"	"14.347032021875993"	"8.0023677272001432"	"8.0023677272001432"	"12.760865948207034"
"02/16/2016 16:27:48.351"	"23.552492341020638"	"18.872032688430064"	"25.112645558550827"	"15.75172625336968"
"02/16/2016 16:27:49.353"	"20.441805932817392"	"9.5220538059491933"	"17.321876753712196"	"7.9620892163965955"
"02/16/2016 16:27:50.354"	"17.270643003781206"	"11.026917947462799"	"17.270643003781206"	"9.465986683383198"
"02/16/2016 16:27:51.356"	"12.643735996790884"	"9.5238694252476996"	"11.083802711019286"	"9.5238694252476996"
"02/16/2016 16:27:52.357"	"12.633452401456779"	"6.3929847158465396"	"9.5132185586516584"	"7.9531016372491052"
"02/16/2016 16:27:53.359"	"14.228459353995948"	"11.109494239595808"	"14.228459353995948"	"7.9905291251956552"
"02/16/2016 16:27:54.360"	"12.612642304070054"	"7.9311767132166588"	"9.4916652435011244"	"6.3706881829322048"
"02/16/2016 16:27:55.362"	"12.666178794988891"	"7.987581230434726"	"7.987581230434726"	"12.666178794988891"
"02/16/2016 16:27:56.351"	"6.7462364677725155"	"8.3268087310305994"	"3.5850919412563242"	"6.7462364677725155"
"02/16/2016 16:27:57.352"	"18.84228443836513"	"7.9172073435296753"	"14.160108540578509"	"14.160108540578509"
"02/16/2016 16:27:58.353"	"34.440755921810428"	"9.4658057967858191"	"28.197018390554273"	"21.953280859298118"
"02/16/2016 16:27:59.355"	"34.52624437549261"	"23.613951771408047"	"34.52624437549261"	"11.142760223882831"
"02/16/2016 16:28:00.357"	"22.025996657472803"	"17.347556456921176"	"29.823396991725527"	"12.66911625636954"
"02/16/2016 16:28:01.359"	"22.027459708032882"	"29.82471373722959"	"45.419221795623024"	"36.062516960586969"
"02/16/2016 16:28:02.361"	"78.155902844246256"	"67.233854266369363"	"65.673561612386948"	"79.716195498228657"
"02/16/2016 16:28:03.363"	"98.440952355104855"	"98.440952355104855"	"96.88190471020971"	"98.440952355104855"
"02/16/2016 16:28:04.349"	"93.659159855927996"	"98.414789963982003"	"92.073949819909998"	"93.659159855927996"
"02/16/2016 16:28:05.350"	"100"	"100"	"100"	"100"
"02/16/2016 16:28:06.351"	"100"	"100"	"100"	"98.439315076565961"
"02/16/2016 16:28:07.353"	"93.758693515801838"	"95.319020136851378"	"92.198366894752297"	"98.439673378950459"
"02/16/2016 16:28:08.354"	"92.196825573756797"	"96.878730229502722"	"90.636190688508165"	"89.075555803259519"
"02/16/2016 16:28:09.356"	"98.43989086724595"	"98.43989086724595"	"95.319672601737835"	"98.43989086724595"
"02/16/2016 16:28:10.358"	"98.441340536917039"	"96.882681073834078"	"98.441340536917039"	"95.324021610751103"
"02/16/2016 16:28:11.360"	"100"	"98.440609269178182"	"98.440609269178182"	"96.881218538356379"
"02/16/2016 16:28:12.362"	"87.521281207029531"	"89.081121056150835"	"92.200800754393455"	"92.200800754393455"
"02/16/2016 16:28:13.363"	"93.760634997646505"	"95.320476248234883"	"92.200793747058142"	"93.760634997646505"
"02/16/2016 16:28:14.349"	"93.660199901504868"	"90.490299852257294"	"95.245149926128647"	"93.660199901504868"
"02/16/2016 16:28:15.352"	"95.324178798614696"	"93.765571731486261"	"96.882785865743131"	"95.324178798614696"
"02/16/2016 16:28:16.354"	"93.765969715380109"	"95.324477286535085"	"93.765969715380109"	"92.207462144225133"
"02/16/2016 16:28:17.357"	"100"	"100"	"100"	"98.441011621322971"
"02/16/2016 16:28:18.361"	"90.665032076443381"	"95.332516038221698"	"93.77668805096225"	"95.332516038221698"
"02/16/2016 16:28:19.363"	"95.321818469790017"	"98.440606156596672"	"96.881212313193359"	"98.440606156596672"
"02/16/2016 16:28:20.349"	"66.719584007224768"	"77.813056004816517"	"69.889147435108129"	"77.813056004816517"
"02/16/2016 16:28:21.351"	"20.500452829420681"	"11.147564926999587"	"8.0299356261925521"	"15.824008878210138"
"02/16/2016 16:28:22.354"	"20.504172389950593"	"15.827947236418272"	"20.504172389950593"	"12.710463800730064"
"02/16/2016 16:28:23.356"	"23.586102107232065"	"12.669830979693785"	"14.229298283627834"	"15.788765587561871"
"02/16/2016 16:28:24.357"	"23.547690713374813"	"23.547690713374813"	"26.668193133237061"	"23.547690713374813"
"02/16/2016 16:28:25.359"	"14.261122683192118"	"15.820011361679532"	"22.055566075629194"	"14.261122683192118"
"02/16/2016 16:28:26.360"	"18.84059824018448"	"17.279840514034184"	"20.401355966334776"	"12.597567335583292"
"02/16/2016 16:28:27.363"	"14.31765345976217"	"17.433375152134456"	"17.433375152134456"	"9.6440709212037508"
"02/16/2016 16:28:28.349"	"8.0965588005062035"	"8.0965588005062035"	"11.265642979799095"	"11.265642979799095"
"02/16/2016 16:28:29.351"	"15.717415853516615"	"12.595838662906122"	"7.9134728769903795"	"4.7918956863798883"
"02/16/2016 16:28:30.353"	"12.737006290913877"	"8.0622030564985518"	"9.6204708013036608"	"9.6204708013036608"
"02/16/2016 16:28:31.355"	"14.232568240436038"	"6.4355289895665857"	"9.5543446899143731"	"11.113752540088262"
"02/16/2016 16:28:32.356"	"17.272609938894867"	"6.3463508742205965"	"11.029033330509574"	"6.3463508742205965"
"02/16/2016 16:28:33.357"	"12.605555010658131"	"9.484324832467351"	"9.484324832467351"	"9.484324832467351"
"02/16/2016 16:28:34.360"	"20.499310719670916"	"17.381636630246245"	"12.705125496109238"	"15.822799585533909"
"02/16/2016 16:28:35.362"	"17.339595144933316"	"6.4221831829433862"	"12.660704304080495"	"7.9818134632276605"
"02/16/2016 16:28:36.363"	"18.841157611770466"	"11.037422766748383"	"9.4766757977439724"	"11.037422766748383"
"02/16/2016 16:28:37.364"	"15.709955935412701"	"12.588102451539097"	"11.027175709602288"	"3.2225419999182825"
"02/16/2016 16:28:38.350"	"14.421535730517554"	"11.251962979795982"	"6.4976038537136187"	"12.836749355156762"
"02/16/2016 16:28:39.352"	"20.47355695245988"	"14.23618887029987"	"11.117504829219859"	"22.032898972999881"
"02/16/2016 16:28:40.354"	"18.914473881179418"	"14.236462758939773"	"20.47381092192596"	"12.677125718193217"
"02/16/2016 16:28:41.355"	"29.800843557991264"	"15.761012269589525"	"12.6410497610558"	"15.761012269589525"
"02/16/2016 16:28:42.357"	"17.292108940611918"	"9.4894777085941744"	"31.336845158243854"	"15.731582694208369"
"02/16/2016 16:28:43.359"	"12.670441100104924"	"11.110984691178228"	"11.110984691178228"	"9.5515282822515317"
"02/16/2016 16:28:44.360"	"25.113161501654847"	"11.071879283215136"	"6.3914518770685653"	"11.071879283215136"
"02/16/2016 16:28:45.362"	"42.322350344893636"	"17.380664007550351"	"62.587470493985066"	"28.292651780138034"
"02/16/2016 16:28:46.365"	"36.090174182894486"	"29.855069225128094"	"28.296292985686488"	"36.090174182894486"
"02/16/2016 16:28:47.350"	"17.513485910541981"	"12.754648559227089"	"14.340927676332061"	"30.203718847381676"
"02/16/2016 16:28:48.352"	"12.674589692827132"	"4.8776780582581285"	"9.5558250389995329"	"1.7589134044305177"
"02/16/2016 16:28:49.353"	"15.741739819480106"	"14.181401667989002"	"6.3797109105334542"	"14.181401667989002"
"02/16/2016 16:28:50.355"	"12.631166829239259"	"11.071009094047103"	"9.5108513588549553"	"17.311640034815735"
"02/16/2016 16:28:51.357"	"12.676341396184544"	"4.8795861637010223"	"11.116990349687839"	"7.9982882566944298"
"02/16/2016 16:28:52.358"	"11.029291080392357"	"11.029291080392357"	"4.7857325597181362"	"7.9075118200552463"
"02/16/2016 16:28:53.360"	"11.135951193794014"	"8.0179143935762642"	"8.0179143935762642"	"9.5769327936851454"
"02/16/2016 16:28:54.361"	"14.170182089550455"	"7.9280135142450252"	"9.4885556580713839"	"9.4885556580713839"
"02/16/2016 16:28:55.363"	"6.4379754634962927"	"12.675443765929872"	"9.5567096147130766"	"9.5567096147130766"
"02/16/2016 16:28:56.349"	"14.406968363293849"	"1.7265192319299794"	"9.6517999390324007"	"8.0667437976119203"
"02/16/2016 16:28:57.351"	"6.4168493992061588"	"4.857130222526262"	"11.096006929245849"	"4.857130222526262"
"02/16/2016 16:28:58.353"	"7.974161789983536"	"9.5339217596448371"	"4.8546418506609452"	"9.5339217596448371"
"02/16/2016 16:28:59.354"	"11.05426795702602"	"12.61471939637644"	"4.8124621996243349"	"14.175170835726858"
"02/16/2016 16:29:00.356"	"22.006279031134788"	"7.9674092567390549"	"9.52728367611636"	"14.206906934248275"
"02/16/2016 16:29:01.357"	"7.9382379546016013"	"6.3778691063745114"	"9.4986068028287018"	"11.058975651055791"
"02/16/2016 16:29:02.358"	"6.3448539319377328"	"9.4666921342064789"	"12.588530336475223"	"12.588530336475223"
"02/16/2016 16:29:03.359"	"7.9492965503964559"	"7.9492965503964559"	"6.3891151359963931"	"6.3891151359963931"
"02/16/2016 16:29:04.361"	"6.3783365762213107"	"9.4990586903472725"	"6.3783365762213107"	"7.9386976332842973"
"02/16/2016 16:29:05.362"	"9.5154862560388747"	"11.07556407921062"	"7.9554084328671282"	"4.8352527865236468"
"02/16/2016 16:29:06.364"	"12.645776727796655"	"4.8462925070642093"	"4.8462925070642093"	"6.4061893512107009"
"02/16/2016 16:29:07.350"	"6.5417386749369815"	"3.3736620198500988"	"3.3736620198500988"	"11.293853657567309"
"02/16/2016 16:29:08.353"	"9.5919341539974834"	"18.944492689790849"	"15.826973177859728"	"12.709453665928605"
"02/16/2016 16:29:09.354"	"26.635959413838929"	"9.4656520426097401"	"18.831274245098385"	"17.270337211350274"
"02/16/2016 16:29:10.355"	"31.326234746807568"	"15.71856082562747"	"23.522397786217518"	"15.71856082562747"
"02/16/2016 16:29:11.357"	"40.742377498650676"	"26.707677432541622"	"34.504733024824432"	"34.504733024824432"
"02/16/2016 16:29:12.358"	"14.149157840076231"	"17.271006645891639"	"15.710082242983937"	"23.514704257522457"
"02/16/2016 16:29:13.360"	"29.820980495098325"	"20.463777894444767"	"26.701912961547137"	"22.023311661220358"
"02/16/2016 16:29:14.362"	"32.952930087930831"	"37.630632639935655"	"39.189866823937258"	"40.749101007938869"
"02/16/2016 16:29:15.363"	"25.076249900476288"	"25.076249900476288"	"23.515338440069545"	"26.637161360883034"
"02/16/2016 16:29:16.364"	"21.979929193228031"	"11.057119280279949"	"34.463140522311541"	"23.540330609363469"
"02/16/2016 16:29:17.350"	"28.633806702438825"	"25.461975889213882"	"27.047891295826354"	"28.633806702438825"
"02/16/2016 16:29:18.351"	"31.319669327434251"	"21.954169690266191"	"29.758752721239578"	"31.319669327434251"
"02/16/2016 16:29:19.351"	"32.868749274982491"	"23.501598011026559"	"29.746365520330521"	"15.695638624396613"
"02/16/2016 16:29:20.352"	"17.27098185221293"	"23.51468133506479"	"25.075606205777746"	"23.51468133506479"
"02/16/2016 16:29:21.354"	"17.328512755792445"	"4.8497977000630073"	"4.8497977000630073"	"7.9694764639953615"
"02/16/2016 16:29:22.355"	"14.155220945856383"	"15.716035110477177"	"4.7903359581316192"	"9.4727784519940013"
"02/16/2016 16:29:23.357"	"17.316279894064991"	"6.3957885593188601"	"4.8357183686408405"	"11.075999131352921"
"02/16/2016 16:29:24.358"	"12.634534080968718"	"7.9542412638777593"	"6.394143658180762"	"7.9542412638777593"
"02/16/2016 16:29:25.359"	"15.712549374964224"	"12.590791944407343"	"12.590791944407343"	"7.9081557985720252"
"02/16/2016 16:29:26.364"	"15.979582963975435"	"14.423649315160159"	"11.311782017529627"	"9.7558483687143482"
"02/16/2016 16:29:27.349"	"17.570968099305219"	"8.0599259569173682"	"12.815447028111294"	"3.3044048857234332"
"02/16/2016 16:29:28.351"	"14.228134050335395"	"3.3117147476508069"	"14.228134050335395"	"6.4306916912749816"
"02/16/2016 16:29:29.352"	"15.724091613081336"	"6.3601017923125998"	"7.9207667624407225"	"7.9207667624407225"
"02/16/2016 16:29:30.358"	"14.537160609972211"	"5.2139417674237247"	"14.537160609972211"	"6.7678115745151484"
"02/16/2016 16:29:31.360"	"14.231018894076918"	"15.790454914184615"	"7.9932748136461456"	"12.671582873969223"
"02/16/2016 16:29:32.362"	"14.272250085715276"	"4.9201319132478609"	"9.5961909994815677"	"4.9201319132478609"
"02/16/2016 16:29:33.364"	"14.233689555646933"	"6.4367522425239247"	"14.233689555646933"	"3.3179773172747229"
"02/16/2016 16:29:34.349"	"11.169334395375852"	"9.5830725095789937"	"4.8242868521884086"	"11.169334395375852"
"02/16/2016 16:29:35.352"	"9.5741629061991027"	"8.0150967494094232"	"8.0150967494094232"	"6.4560305926197543"
"02/16/2016 16:29:36.360"	"11.656255867884479"	"3.9068046282252245"	"3.9068046282252245"	"10.106365619952628"
"02/16/2016 16:29:37.361"	"9.4791984946128505"	"7.9184950203820437"	"11.039901968843669"	"6.3577915461512262"
"02/16/2016 16:29:38.362"	"14.168527617833693"	"7.926238717312506"	"7.926238717312506"	"6.3656664921822088"
"02/16/2016 16:29:39.363"	"9.4667644875154551"	"7.9058466338519313"	"9.4667644875154551"	"6.3449287801883969"
"02/16/2016 16:29:40.351"	"8.3087128526345708"	"8.3087128526345708"	"3.5660600691501565"	"5.1469443303116318"
"02/16/2016 16:29:41.353"	"12.656807233972845"	"6.4180077506851951"	"9.5374074923290202"	"7.977707621507113"
"02/16/2016 16:29:42.354"	"11.028117861957599"	"12.589028074905706"	"11.028117861957599"	"9.4672076490094792"
"02/16/2016 16:29:43.355"	"9.4663213216828126"	"9.4663213216828126"	"17.270948793951547"	"6.344470332775332"
"02/16/2016 16:29:44.360"	"11.378260222781989"	"9.8234928582694003"	"16.042562316319785"	"9.8234928582694003"
"02/16/2016 16:29:45.362"	"23.600063784279811"	"17.36333429728224"	"12.685787182034069"	"17.36333429728224"
"02/16/2016 16:29:46.364"	"18.879476467610047"	"11.07942612795717"	"14.199446263818317"	"18.879476467610047"
"02/16/2016 16:29:47.350"	"30.249279437010735"	"47.686959577758046"	"30.249279437010735"	"38.175497682804973"
"02/16/2016 16:29:48.351"	"29.758521159255878"	"20.392990647156662"	"23.514834151189735"	"32.880364663288951"
"02/16/2016 16:29:49.352"	"28.220273231340045"	"17.297271331761355"	"17.297271331761355"	"21.978557860152215"
"02/16/2016 16:29:50.353"	"23.525338795859074"	"39.13241251098988"	"20.403924052832913"	"42.253827254016038"
"02/16/2016 16:29:51.355"	"40.72943473599517"	"28.25142099620469"	"36.050179583573737"	"36.050179583573737"
"02/16/2016 16:29:52.356"	"11.02884668311045"	"18.833333816170938"	"11.02884668311045"	"11.02884668311045"
"02/16/2016 16:29:53.358"	"18.959271473274562"	"9.6084181817293164"	"23.634698119047183"	"20.517747021865439"
"02/16/2016 16:29:54.360"	"15.735832659303217"	"20.417175289341927"	"20.417175289341927"	"6.3731473992257985"
"02/16/2016 16:29:55.363"	"14.299906399292684"	"6.5089887992283764"	"4.9508052792155199"	"15.85808991930554"
"02/16/2016 16:29:56.364"	"23.526255427950314"	"6.3586801158575401"	"14.162123439536078"	"17.283500769007489"
"02/16/2016 16:29:57.349"	"12.791983854377653"	"6.4495826801505789"	"9.6207832672641214"	"4.863982386593813"
"02/16/2016 16:29:58.350"	"17.270973587650062"	"12.588198507705728"	"1.6617233211689397"	"9.466348454409502"
"02/16/2016 16:29:59.352"	"26.730762803222397"	"20.495083041794516"	"25.171842862865436"	"25.171842862865436"
"02/16/2016 16:30:00.355"	"12.683138385550151"	"11.123908713863539"	"14.242368057236753"	"8.0054493704903358"
"02/16/2016 16:30:01.356"	"17.280989026202587"	"14.159516913983817"	"15.720252970093195"	"11.038044801765047"
"02/16/2016 16:30:02.358"	"25.151515786593205"	"11.117424996579429"	"11.117424996579429"	"15.795455259917347"
"02/16/2016 16:30:03.359"	"9.4723715171960983"	"1.6682656135061147"	"7.9115503364581059"	"9.4723715171960983"
"02/16/2016 16:30:04.360"	"42.268889319836887"	"45.389489897143008"	"42.268889319836887"	"53.190991340408303"
"02/16/2016 16:30:05.361"	"12.587805549325704"	"12.587805549325704"	"15.709669636849789"	"6.3440773742775347"
"02/16/2016 16:30:06.364"	"22.078577508401555"	"9.611149909745798"	"9.611149909745798"	"14.286435259241703"
"02/16/2016 16:30:07.350"	"11.299797560795122"	"16.051594120038239"	"9.7158653743807495"	"8.1319331879663785"
"02/16/2016 16:30:08.351"	"18.836268929754564"	"14.15374598339425"	"12.592905001274147"	"17.275427947634459"
"02/16/2016 16:30:09.354"	"26.73421302493346"	"23.616519962164674"	"26.73421302493346"	"18.93998036801149"
"02/16/2016 16:30:10.359"	"31.603534490571683"	"28.494604240143129"	"20.722278614071719"	"20.722278614071719"
"02/16/2016 16:30:11.361"	"15.762055136293252"	"28.241750671657218"	"17.322017078213747"	"14.202093194372756"
"02/16/2016 16:30:12.365"	"19.085366879892906"	"12.861164332192365"	"22.197468153743184"	"15.973265606042631"
"02/16/2016 16:30:13.350"	"9.6368489490327942"	"11.222167388523452"	"9.6368489490327942"	"15.978122706995412"
"02/16/2016 16:30:14.351"	"21.952220473063953"	"15.708398110909073"	"21.952220473063953"	"21.952220473063953"
"02/16/2016 16:30:15.353"	"15.796177949845758"	"11.118187835948302"	"7.999527760016667"	"6.4401977220508444"
"02/16/2016 16:30:16.354"	"9.4672528693261597"	"6.345434002751194"	"14.149981169188596"	"7.9063434360386768"
"02/16/2016 16:30:17.356"	"14.227817304926482"	"9.5493346124679306"	"9.5493346124679306"	"7.9898403816484054"
"02/16/2016 16:30:18.361"	"28.431620408683077"	"25.31995173079974"	"39.322460781274785"	"22.208283052916389"
"02/16/2016 16:30:19.362"	"17.282509309806759"	"9.4789724522413525"	"14.161094566780596"	"12.600387195267515"
"02/16/2016 16:30:20.364"	"29.826471655533382"	"17.351177727628208"	"15.79176598664006"	"18.910589468616358"
"02/16/2016 16:30:21.350"	"20.827347880833123"	"19.243894838449783"	"11.326629626533101"	"20.827347880833123"
"02/16/2016 16:30:22.353"	"11.151642311700339"	"9.592899194361749"	"8.0341560770231588"	"6.4754129596845678"
"02/16/2016 16:30:23.354"	"28.20926079061006"	"28.20926079061006"	"29.769929034292453"	"34.451933765339625"
"02/16/2016 16:30:24.356"	"25.114081208686688"	"28.234327824991411"	"28.234327824991411"	"29.794451133143774"
"02/16/2016 16:30:25.357"	"15.745307275740972"	"7.9439468383095786"	"12.62476310076841"	"12.62476310076841"
"02/16/2016 16:30:26.360"	"25.220815454045752"	"15.873417385801469"	"22.105016097964324"	"25.220815454045752"
"02/16/2016 16:30:27.362"	"22.026377989770662"	"26.704795310384423"	"20.466905549566071"	"40.740047272225702"
"02/16/2016 16:30:28.363"	"18.817251788618307"	"21.939665181363754"	"25.062078574109204"	"32.86811205597283"
"02/16/2016 16:30:29.351"	"22.513920168666392"	"19.351223032693589"	"20.932571600679985"	"17.769874464707179"
"02/16/2016 16:30:30.352"	"62.537466279973394"	"60.976527374972292"	"59.415588469971183"	"62.537466279973394"
"02/16/2016 16:30:31.353"	"14.153428688333314"	"11.031735186090897"	"6.3491949327272534"	"11.031735186090897"
"02/16/2016 16:30:32.355"	"50.100193820827158"	"48.540824877728006"	"31.387766503637348"	"51.659562763926317"
"02/16/2016 16:30:33.356"	"11.036578562454991"	"9.4758167828489448"	"6.354293223636831"	"14.158102121667104"
"02/16/2016 16:30:34.358"	"37.611388626745814"	"29.812812205089035"	"39.171103911077168"	"43.850249764071222"
"02/16/2016 16:30:35.372"	"21.446266042212748"	"15.285188869052957"	"13.744919575763015"	"26.067073922082585"
"02/16/2016 16:30:36.359"	"17.658614337879996"	"12.908149780449996"	"41.410937125030003"	"27.159543452739999"
"02/16/2016 16:30:37.361"	"18.908566189672715"	"9.5518622884811055"	"12.670763588878309"	"9.5518622884811055"
"02/16/2016 16:30:38.362"	"28.203315823100162"	"23.520923376780612"	"25.081720858887124"	"28.203315823100162"
"02/16/2016 16:30:39.364"	"32.944632601458821"	"18.909788262229277"	"17.350361113425993"	"22.028642559835841"
"02/16/2016 16:30:40.349"	"28.635762412124933"	"28.635762412124933"	"22.292274626536035"	"25.464018519330487"
"02/16/2016 16:30:41.364"	"22.995849316109506"	"12.215268220364839"	"21.455766302431702"	"10.675185206687022"
"02/16/2016 16:30:42.357"	"29.237955809461937"	"30.810445680362776"	"21.375506454957705"	"27.665465938561084"
"02/16/2016 16:30:43.359"	"20.434172064079615"	"23.554400610586292"	"17.313943517572927"	"23.554400610586292"
"02/16/2016 16:30:44.362"	"20.534954448516817"	"23.651230744653418"	"26.767507040790019"	"22.093092596585116"
"02/16/2016 16:30:45.364"	"23.580900440323738"	"14.223459677914397"	"26.700047361126845"	"20.46175351952062"
"02/16/2016 16:30:46.349"	"31.798133641652292"	"27.039863895721062"	"23.867684065100235"	"34.970313472273119"
"02/16/2016 16:30:47.350"	"17.275386629245094"	"18.836228390957444"	"25.07959543780688"	"34.444646008081016"
"02/16/2016 16:30:48.351"	"32.887002138925581"	"25.08316517833553"	"50.055443452223678"	"36.008536923161593"
"02/16/2016 16:30:49.352"	"17.279873565189753"	"11.036845155015396"	"7.9153309499282116"	"11.036845155015396"
"02/16/2016 16:30:50.356"	"33.063791912402465"	"36.17710391647676"	"29.950479908328155"	"39.290415920551069"
"02/16/2016 16:30:51.358"	"51.683041148941619"	"61.034710603985175"	"56.358875876463401"	"64.151933755666363"
"02/16/2016 16:30:52.359"	"36.002738808059064"	"29.759103569820923"	"42.246374046297205"	"37.563647617618599"
"02/16/2016 16:30:53.361"	"31.367909930738989"	"34.487550388432673"	"40.726831303820035"	"48.525932448054242"
"02/16/2016 16:30:54.362"	"23.548797660366038"	"11.066968706956414"	"23.548797660366038"	"11.066968706956414"
"02/16/2016 16:30:55.352"	"27.336550710797646"	"22.597630104980105"	"13.119788893345019"	"30.495831114676019"
"02/16/2016 16:30:56.353"	"25.092346155659307"	"18.850041668630912"	"31.334650642687688"	"46.940411860258671"
"02/16/2016 16:30:57.355"	"17.347556456921176"	"12.66911625636954"	"31.382877058576064"	"17.347556456921176"
"02/16/2016 16:30:58.356"	"32.880116570566805"	"32.880116570566805"	"29.758261527337361"	"28.197334005722631"
"02/16/2016 16:30:59.359"	"43.905902325666283"	"28.324208527240245"	"40.789563565981069"	"42.347732945823665"
"02/16/2016 16:31:00.361"	"28.269909129576433"	"34.507308335700216"	"34.507308335700216"	"25.151209526514538"
"02/16/2016 16:31:01.362"	"20.432702316610296"	"20.432702316610296"	"18.872559224779128"	"23.552988500272644"
"02/16/2016 16:31:02.349"	"24.010787631225771"	"16.095244676145125"	"14.51213608512899"	"20.844570449193512"
"02/16/2016 16:31:03.350"	"25.105885299363763"	"15.744120961784224"	"26.666179355627019"	"21.985297186837251"
"02/16/2016 16:31:04.352"	"34.491931901555731"	"17.335056923391747"	"28.253068273132453"	"28.253068273132453"
"02/16/2016 16:31:05.354"	"25.141392937020555"	"18.903175681772268"	"22.022284309396412"	"26.70094725083263"
"02/16/2016 16:31:06.357"	"50.148949952437107"	"57.938176522368813"	"56.380331208382472"	"59.496021836355162"
"02/16/2016 16:31:07.359"	"14.190159300009375"	"12.629980378191362"	"12.629980378191362"	"18.870696065463409"
"02/16/2016 16:31:08.360"	"22.01123078206988"	"12.652578475918263"	"14.212353860276872"	"15.772129244635469"
"02/16/2016 16:31:09.362"	"15.757286333270869"	"3.2768843085702493"	"11.077135574008135"	"12.63718582709571"
"02/16/2016 16:31:10.364"	"23.558728212927114"	"23.558728212927114"	"23.558728212927114"	"21.998702258088898"
"02/16/2016 16:31:11.349"	"27.043203923456627"	"17.527100087385751"	"23.871169311432993"	"23.871169311432993"
"02/16/2016 16:31:12.351"	"28.267410709518394"	"22.02979424947652"	"40.742643629602149"	"26.708006594507928"
"02/16/2016 16:31:13.352"	"9.4681753539257443"	"9.4681753539257443"	"17.27264299582869"	"15.711749467448099"
"02/16/2016 16:31:14.353"	"36.00244471909906"	"20.393284894489071"	"17.271452929567076"	"28.197864806794072"
"02/16/2016 16:31:15.355"	"29.861016830463115"	"20.509152407858199"	"9.598643914819128"	"15.833220196555741"
"02/16/2016 16:31:16.357"	"20.437238497483644"	"21.997292644591802"	"28.237509233024461"	"23.557346791699974"
"02/16/2016 16:31:17.362"	"39.359589499125882"	"44.024236460731579"	"37.804707178590647"	"44.024236460731579"
"02/16/2016 16:31:18.363"	"26.636289220302224"	"25.07535920371291"	"26.636289220302224"	"34.440939303248797"
"02/16/2016 16:31:19.364"	"18.84538912961705"	"9.4813955676497859"	"11.04206116131099"	"9.4813955676497859"
"02/16/2016 16:31:20.350"	"16.043415223593428"	"8.1229826975173332"	"4.9548096870869029"	"8.1229826975173332"
"02/16/2016 16:31:21.352"	"11.082053904966694"	"9.5220899383871682"	"11.082053904966694"	"14.201981838125754"
"02/16/2016 16:31:22.353"	"6.3883860489039046"	"4.8281924830523071"	"14.189353878161914"	"11.068966746458708"
"02/16/2016 16:31:23.355"	"12.636679914274119"	"9.5165613397839124"	"14.196739201519225"	"9.5165613397839124"
"02/16/2016 16:31:24.356"	"32.887002138925581"	"11.036258649273446"	"26.643932570453543"	"29.765467354689555"
"02/16/2016 16:31:25.357"	"18.838198529657824"	"6.3517675342205653"	"6.3517675342205653"	"12.594983031939188"
"02/16/2016 16:31:26.359"	"22.023848675263793"	"12.666710516295442"	"11.107187489800719"	"11.107187489800719"
"02/16/2016 16:31:27.360"	"18.854304676768486"	"7.9308456909488516"	"6.3703515501174817"	"7.9308456909488516"
"02/16/2016 16:31:28.361"	"12.588565265672823"	"14.149483743071523"	"15.710402220470222"	"17.271320697868919"
"02/16/2016 16:31:29.362"	"14.162500686699996"	"28.20863693796727"	"18.844546103789085"	"31.330000549359994"
"02/16/2016 16:31:30.364"	"18.86235940469637"	"23.543377131348507"	"21.983037889131129"	"31.345073342435391"
"02/16/2016 16:31:31.350"	"12.837368196154697"	"12.837368196154697"	"4.9134925776233018"	"11.252593072448413"
"02/16/2016 16:31:32.352"	"11.13708610460905"	"11.13708610460905"	"11.13708610460905"	"11.13708610460905"
"02/16/2016 16:31:33.353"	"9.5006492985139417"	"17.302317462435155"	"21.983318360787884"	"12.621316564082431"
"02/16/2016 16:31:34.355"	"17.321505304202944"	"9.5216473140334106"	"17.321505304202944"	"11.081618912067325"
"02/16/2016 16:31:35.357"	"11.111889583825496"	"12.671330117442592"	"17.349651718293877"	"12.671330117442592"
"02/16/2016 16:31:36.359"	"65.683574706333758"	"65.683574706333758"	"62.563899679636826"	"57.884387139591432"
"02/16/2016 16:31:37.363"	"76.666892323743568"	"58.000406182738431"	"54.889325159237565"	"67.333649253241006"
"02/16/2016 16:31:38.348"	"90.48412218691621"	"88.898142551402231"	"93.656081457944126"	"93.656081457944126"
"02/16/2016 16:31:39.350"	"82.841311154440575"	"81.281430350298805"	"95.320357587574705"	"90.64071517514941"
"02/16/2016 16:31:40.351"	"95.317920443502558"	"98.439306814500853"	"93.757227258003411"	"89.075147701505969"
"02/16/2016 16:31:41.353"	"76.610672658592364"	"85.966403595155413"	"81.288538126873888"	"84.407115105728252"
"02/16/2016 16:31:42.355"	"48.525721765466166"	"54.765028218136933"	"46.965895152298472"	"59.444508057640007"
"02/16/2016 16:31:43.356"	"26.639960865322308"	"14.153145693462276"	"20.396553279392293"	"20.396553279392293"
"02/16/2016 16:31:44.358"	"22.038423057586687"	"20.479191518738414"	"20.479191518738414"	"26.716117674131489"
"02/16/2016 16:31:45.361"	"15.829005239999816"	"6.4766724888886795"	"9.5941167392590625"	"12.711560989629433"
"02/16/2016 16:31:46.362"	"21.995696059487159"	"20.435609980676894"	"6.3948352713845917"	"7.9549213501948435"
"02/16/2016 16:31:47.365"	"11.172493169320564"	"9.6141158565016269"	"11.172493169320564"	"28.314643610328872"
"02/16/2016 16:31:48.351"	"12.892789534991678"	"9.7252546089913849"	"1.8064172939906253"	"8.141487145991233"
"02/16/2016 16:31:49.353"	"17.286276728331028"	"12.604367863896936"	"12.604367863896936"	"20.407549304620421"
"02/16/2016 16:31:50.355"	"18.951365332830584"	"8.0409722045577716"	"14.275482563570808"	"14.275482563570808"
"02/16/2016 16:31:51.357"	"18.873531273929189"	"11.072909281037768"	"11.072909281037768"	"7.952660483881191"
"02/16/2016 16:31:52.359"	"11.152661599404723"	"11.152661599404723"	"8.0352111292083972"	"18.946287774895531"
"02/16/2016 16:31:53.360"	"11.049790744164568"	"17.291910691942491"	"7.9287307702756049"	"11.049790744164568"
"02/16/2016 16:31:54.350"	"19.485861338360955"	"13.17102693352652"	"2.1200667250662497"	"13.17102693352652"
"02/16/2016 16:31:55.351"	"26.675412532241605"	"18.874924503756663"	"31.355705349332563"	"26.675412532241605"
"02/16/2016 16:31:56.354"	"17.366855240700062"	"15.807739301845347"	"11.1303914852812"	"9.5712755464264827"
"02/16/2016 16:31:57.356"	"25.168744481194906"	"4.9019461115185292"	"12.696868561394059"	"15.814837541344273"
"02/16/2016 16:31:58.358"	"20.471302902364563"	"20.471302902364563"	"17.352530467163163"	"9.5555993791596965"
"02/16/2016 16:31:59.361"	"23.640852046913864"	"14.290752297556375"	"17.407452214008877"	"14.290752297556375"
"02/16/2016 16:32:00.362"	"23.584569138236557"	"15.787076193158644"	"12.668079015127487"	"17.34657478217423"
"02/16/2016 16:32:01.365"	"28.297873826205024"	"12.710455092771333"	"17.386680712801439"	"6.4754875993978551"
"02/16/2016 16:32:02.352"	"22.419354887740241"	"14.502962529346386"	"24.002633359419011"	"19.252797944382692"
"02/16/2016 16:32:03.354"	"23.58700203052727"	"18.908655216069757"	"20.468104154222267"	"12.670859463459738"
"02/16/2016 16:32:04.356"	"36.059402748659686"	"18.904608364153741"	"18.904608364153741"	"7.9879210285590529"
"02/16/2016 16:32:05.357"	"17.272304161004559"	"20.394104003985515"	"18.833204082495037"	"23.515903846966481"
"02/16/2016 16:32:06.358"	"21.959775096312871"	"14.15575260594416"	"11.034143609796676"	"9.4733391117229342"
"02/16/2016 16:32:07.359"	"29.762352261195247"	"18.836495946270059"	"20.397332562687943"	"26.640679028359482"
"02/16/2016 16:32:08.360"	"25.099811990541411"	"20.418550239950239"	"21.978970823480626"	"23.539391407011014"
"02/16/2016 16:32:09.362"	"17.306116107056035"	"4.8240204251022378"	"20.426640027544487"	"7.9445443455906872"
"02/16/2016 16:32:10.351"	"13.164692387533183"	"10.007044837988932"	"17.901163711849556"	"11.585868612761063"
"02/16/2016 16:32:11.353"	"40.702750553474289"	"45.384112351884212"	"37.58184268786767"	"39.142296620670983"
"02/16/2016 16:32:12.355"	"48.576010515676025"	"50.134313227322203"	"93.766789153415274"	"70.392248478722564"
"02/16/2016 16:32:13.357"	"20.422039063229469"	"40.706617341229801"	"15.740982537537086"	"32.904856465075824"
"02/16/2016 16:32:14.359"	"68.811625109945254"	"62.573950131934311"	"67.252206365442518"	"71.930462598950726"
"02/16/2016 16:32:15.360"	"15.748100450431879"	"20.428761536518991"	"29.790083708693228"	"9.5072190023157148"
"02/16/2016 16:32:16.362"	"29.805216651675138"	"15.766259982010167"	"14.206375907602952"	"14.206375907602952"
"02/16/2016 16:32:17.364"	"9.5434752772960323"	"11.103070531135762"	"15.781856292654927"	"15.781856292654927"
"02/16/2016 16:32:18.350"	"25.572593160816815"	"27.156155008459002"	"19.238345770248031"	"27.156155008459002"
"02/16/2016 16:32:19.352"	"37.597248448018604"	"34.477110870419537"	"36.037179659219078"	"23.556629348822799"
"02/16/2016 16:32:20.353"	"28.236570603682452"	"31.356719707870173"	"31.356719707870173"	"31.356719707870173"
"02/16/2016 16:32:21.355"	"21.987922482207001"	"15.746956280783564"	"20.427680931851143"	"17.307197831139419"
